id,mapping_type,code,name,description
dgi_mapping_1,product_service,1010,Animales vivos,
dgi_mapping_2,product_service,1011,Productos para animales domésticos,
dgi_mapping_3,product_service,1012,Comida de animales,
dgi_mapping_4,product_service,1013,Recipientes y hábitat para animales,
dgi_mapping_5,product_service,1014,Productos de talabartería y arreo,
dgi_mapping_6,product_service,1015,"Semillas, bulbos, plántulas y esquejes",
dgi_mapping_7,product_service,1016,Productos de floricultura y silvicultura,
dgi_mapping_8,product_service,1017,Fertilizantes y nutrientes para plantas y herbicidas,
dgi_mapping_9,product_service,1019,Productos para el control de plagas,
dgi_mapping_10,product_service,1020,Rosales vivos,
dgi_mapping_11,product_service,1021,Plantas vivas de especies o variedades de flores altas,
dgi_mapping_12,product_service,1022,Plantas vivas de especies o variedades de flores bajas,
dgi_mapping_13,product_service,1023,Crisantemos vivos,
dgi_mapping_14,product_service,1024,Claveles vivos,
dgi_mapping_15,product_service,1025,Orquídeas vivas,
dgi_mapping_16,product_service,1030,Rosas frescas cortadas,
dgi_mapping_17,product_service,1031,Bouquets cortados frescos de especies o variedades de flores altas,
dgi_mapping_18,product_service,1032,Bouquets cortados frescos de especies o variedades de flores bajas,
dgi_mapping_19,product_service,1033,Crisantemos cortados frescos,
dgi_mapping_20,product_service,1034,Bouquets florales cortados frescos,
dgi_mapping_21,product_service,1035,Claveles cortados frescos,
dgi_mapping_22,product_service,1036,Orquídeas cortadas frescas,
dgi_mapping_23,product_service,1040,Rosas cortadas secas,
dgi_mapping_24,product_service,1041,Bouquets cortados secos de especies o variedades de flores altas,
dgi_mapping_25,product_service,1042,Bouquets cortados secos de especies o variedades de flores bajas,
dgi_mapping_26,product_service,1043,Crisantemos cortados secos,
dgi_mapping_27,product_service,1044,Claveles cortados secos,
dgi_mapping_28,product_service,1045,Orquídeas cortadas secas,
dgi_mapping_29,product_service,1050,Follaje cortado fresco,
dgi_mapping_30,product_service,1110,"Minerales, minerales metálicos y metales",
dgi_mapping_31,product_service,1111,Tierra y piedra,
dgi_mapping_32,product_service,1112,Productos no comestibles de planta y silvicultura,
dgi_mapping_33,product_service,1113,Productos animales no comestibles,
dgi_mapping_34,product_service,1114,Chatarra y materiales de desecho,
dgi_mapping_35,product_service,1115,"Fibra, hilos e hilados",
dgi_mapping_36,product_service,1116,Tejidos y materiales de cuero,
dgi_mapping_37,product_service,1117,Aleaciones,
dgi_mapping_38,product_service,1118,Óxido metálico,
dgi_mapping_39,product_service,1119,Desechos metálicos y chatarra,
dgi_mapping_40,product_service,1213,Materiales explosivos,
dgi_mapping_41,product_service,1214,Elementos y gases,
dgi_mapping_42,product_service,1216,Aditivos,
dgi_mapping_43,product_service,1217,Colorantes,
dgi_mapping_44,product_service,1218,Ceras y aceites,
dgi_mapping_45,product_service,1219,Solventes,
dgi_mapping_46,product_service,1235,Compuestos y mezclas,
dgi_mapping_47,product_service,1310,Caucho y elastómeros,
dgi_mapping_48,product_service,1311,Resinas y colofonias y otros materiales derivados de resina,
dgi_mapping_49,product_service,1400,Materiales y Productos de Papel,
dgi_mapping_50,product_service,1410,Materiales de papel,
dgi_mapping_51,product_service,1411,Productos de papel,
dgi_mapping_52,product_service,1412,Papel para uso industrial,
dgi_mapping_53,product_service,1510,Combustibles,
dgi_mapping_54,product_service,1511,Combustibles gaseosos y aditivos,
dgi_mapping_55,product_service,1512,"Lubricantes, aceites, grasas y anticorrosivos",
dgi_mapping_56,product_service,1513,Combustible para reactores nucleares,
dgi_mapping_57,product_service,2010,Maquinaria y equipo de minería y explotación de canteras,
dgi_mapping_58,product_service,2011,Equipo de perforación y explotación de pozos,
dgi_mapping_59,product_service,2012,Equipo para perforación y exploración de petróleo y gas,
dgi_mapping_60,product_service,2013,Materiales para perforación y operaciones de petróleo y gas,
dgi_mapping_61,product_service,2014,Equipo de producción y operación de petróleo y gas,
dgi_mapping_62,product_service,2110,"Maquinaria y equipo para agricultura, silvicultura y paisajismo",
dgi_mapping_63,product_service,2111,Equipo de pesca y acuicultura,
dgi_mapping_64,product_service,2210,Maquinaria y equipo pesado de construcción,
dgi_mapping_65,product_service,2310,Maquinaria para el procesamiento de materias primas,
dgi_mapping_66,product_service,2311,Maquinaria para el procesamiento de petróleo,
dgi_mapping_67,product_service,2312,Maquinaria y accesorios de textiles y tejidos,
dgi_mapping_68,product_service,2313,Maquinaria y equipos lapidarios,
dgi_mapping_69,product_service,2314,Maquinaria de reparación y accesorios para marroquinería,
dgi_mapping_70,product_service,2315,"Maquinaria, equipo y suministros de procesos industriales",
dgi_mapping_71,product_service,2316,"Máquinas, equipo y suministros para fundición",
dgi_mapping_72,product_service,2318,Equipo industrial para alimentos y bebidas,
dgi_mapping_73,product_service,2319,Mezcladores y sus partes y accesorios,
dgi_mapping_74,product_service,2320,Equipamiento para transferencia de masa,
dgi_mapping_75,product_service,2321,"Maquinaria de fabricación electrónica, equipo y accesorios",
dgi_mapping_76,product_service,2322,Equipo y maquinaria de procesamiento de pollos,
dgi_mapping_77,product_service,2323,Equipo y maquinaria de procesamiento de madera y aserrado,
dgi_mapping_78,product_service,2324,Maquinaria y accesorios para cortar metales,
dgi_mapping_79,product_service,2325,Maquinaria y accesorios para el formado de metales,
dgi_mapping_80,product_service,2326,Maquinaria y accesorios para hacer prototipos rápidos,
dgi_mapping_81,product_service,2327,Maquinaria y accesorios y suministros para soldadura de todas las clases,
dgi_mapping_82,product_service,2328,Maquinaria para el tratamiento de metal,
dgi_mapping_83,product_service,2329,Herramientas de maquinado industrial,
dgi_mapping_84,product_service,2330,Maquinaria y equipo para cable,
dgi_mapping_85,product_service,2410,Maquinaria y equipo para manejo de materiales,
dgi_mapping_86,product_service,2411,Recipientes y almacenamiento,
dgi_mapping_87,product_service,2412,Materiales de empaque,
dgi_mapping_88,product_service,2413,Refrigeración industrial,
dgi_mapping_89,product_service,2414,Suministros de embalaje,
dgi_mapping_90,product_service,2510,Vehículos de motor,
dgi_mapping_91,product_service,2511,Transporte marítimo,
dgi_mapping_92,product_service,2512,Maquinaria y equipo para ferrocarril y tranvías,
dgi_mapping_93,product_service,2513,Aeronaves,
dgi_mapping_94,product_service,2515,Naves espaciales,
dgi_mapping_95,product_service,2516,Bicicletas no motorizadas,
dgi_mapping_96,product_service,2517,Componentes y sistemas de transporte,
dgi_mapping_97,product_service,2518,Carrocerías y remolques,
dgi_mapping_98,product_service,2519,Equipo para servicios de transporte,
dgi_mapping_99,product_service,2520,Sistemas componentes y equipos aeroespaciales,
dgi_mapping_100,product_service,2610,Fuentes de energía,
dgi_mapping_101,product_service,2611,Baterías y generadores y transmisión de energía cinética,
dgi_mapping_102,product_service,2612,"Alambres, cables y arneses",
dgi_mapping_103,product_service,2613,Generación de energía,
dgi_mapping_104,product_service,2614,Maquinaria y equipo para energía atómica o nuclear,
dgi_mapping_105,product_service,2711,Herramientas de mano,
dgi_mapping_106,product_service,2712,Maquinaria y equipo hidráulico,
dgi_mapping_107,product_service,2713,Maquinaria y equipo neumático,
dgi_mapping_108,product_service,2714,Herramientas especializadas automotrices,
dgi_mapping_109,product_service,3010,Componentes estructurales y formas básicas,
dgi_mapping_110,product_service,3011,"Hormigón, cemento y yeso",
dgi_mapping_111,product_service,3012,Carreteras y paisaje,
dgi_mapping_112,product_service,3013,Productos de construcción estructurales,
dgi_mapping_113,product_service,3014,Aislamiento,
dgi_mapping_114,product_service,3015,Materiales para acabado de exteriores,
dgi_mapping_115,product_service,3016,Materiales de acabado de interiores,
dgi_mapping_116,product_service,3017,Puertas y ventanas y vidrio,
dgi_mapping_117,product_service,3018,Instalaciones de plomería,
dgi_mapping_118,product_service,3019,Equipo de apoyo para Construcción y Mantenimiento,
dgi_mapping_119,product_service,3024,Componentes de construcción de estructura portátil,
dgi_mapping_120,product_service,3025,Estructuras y materiales de minería subterránea,
dgi_mapping_121,product_service,3026,Materiales estructurales,
dgi_mapping_122,product_service,3110,Piezas de fundición y ensambles de piezas de fundición,
dgi_mapping_123,product_service,3111,Extrusiones,
dgi_mapping_124,product_service,3112,Piezas fundidas maquinadas,
dgi_mapping_125,product_service,3113,Forjaduras,
dgi_mapping_126,product_service,3114,Molduras,
dgi_mapping_127,product_service,3115,"Cuerda, cadena, cable, alambre y correa",
dgi_mapping_128,product_service,3116,Ferretería,
dgi_mapping_129,product_service,3117,"Rodamientos, cojinetes ruedas y engranajes",
dgi_mapping_130,product_service,3118,"Empaques, glándulas, fundas y cubiertas",
dgi_mapping_131,product_service,3119,Materiales de afilado pulido y alisado,
dgi_mapping_132,product_service,3120,Adhesivos y selladores,
dgi_mapping_133,product_service,3121,Pinturas y bases y acabados,
dgi_mapping_134,product_service,3122,Extractos de teñir y de curtir,
dgi_mapping_135,product_service,3123,Materia prima en placas o barras labradas,
dgi_mapping_136,product_service,3124,Óptica industrial,
dgi_mapping_137,product_service,3125,"Sistemas de control neumático, hidráulico o eléctrico",
dgi_mapping_138,product_service,3126,"Cubiertas, cajas y envolturas",
dgi_mapping_139,product_service,3127,Piezas hechas a máquina,
dgi_mapping_140,product_service,3128,Componentes de placa y estampados,
dgi_mapping_141,product_service,3129,Extrusiones maquinadas,
dgi_mapping_142,product_service,3130,Forjas labradas,
dgi_mapping_143,product_service,3131,Ensambles de tubería fabricada,
dgi_mapping_144,product_service,3132,Ensambles fabricados de material en barras,
dgi_mapping_145,product_service,3133,Ensambles estructurales fabricados,
dgi_mapping_146,product_service,3134,Ensambles de lámina fabricado,
dgi_mapping_147,product_service,3135,Ensambles de tubería fabricada,
dgi_mapping_148,product_service,3136,Ensambles de placa fabricados,
dgi_mapping_149,product_service,3137,Refractarios,
dgi_mapping_150,product_service,3138,Imanes y materiales magnéticos,
dgi_mapping_151,product_service,3139,Maquinados,
dgi_mapping_152,product_service,3140,Empaques,
dgi_mapping_153,product_service,3141,Sellos,
dgi_mapping_154,product_service,3142,Partes sinterizadas,
dgi_mapping_155,product_service,3210,"Circuitos impresos, circuitos integrados y micro ensamblajes",
dgi_mapping_156,product_service,3211,Dispositivo semiconductor discreto,
dgi_mapping_157,product_service,3212,Componentes pasivos discretos,
dgi_mapping_158,product_service,3213,Piezas de componentes y hardware electrónicos y accesorios,
dgi_mapping_159,product_service,3214,Dispositivos de tubo electrónico y accesorios,
dgi_mapping_160,product_service,3215,Dispositivos y componentes y accesorios de control de automatización,
dgi_mapping_161,product_service,3910,Lámparas y bombillas y componentes para lámparas,
dgi_mapping_162,product_service,3911,"Iluminación, artefactos y accesorios",
dgi_mapping_163,product_service,3912,"Equipos, suministros y componentes eléctricos",
dgi_mapping_164,product_service,3913,Dispositivos y accesorios y suministros de manejo de cable eléctrico,
dgi_mapping_165,product_service,4010,"Calefacción, ventilación y circulación del aire",
dgi_mapping_166,product_service,4014,Distribución de fluidos y gas,
dgi_mapping_167,product_service,4015,Bombas y compresores industriales,
dgi_mapping_168,product_service,4016,Filtrado y purificación industrial,
dgi_mapping_169,product_service,4017,Instalaciones de tubos y entubamientos,
dgi_mapping_170,product_service,4018,Instalaciones de tubos y tuberías,
dgi_mapping_171,product_service,4110,Equipo de laboratorio y científico,
dgi_mapping_172,product_service,4111,"Instrumentos de medida, observación y ensayo",
dgi_mapping_173,product_service,4112,Suministros y accesorios de laboratorio,
dgi_mapping_174,product_service,4212,Equipos y suministros veterinarios,
dgi_mapping_175,product_service,4213,Telas y vestidos médicos,
dgi_mapping_176,product_service,4214,"Suministros, productos de tratamiento y cuidado del enfermo",
dgi_mapping_177,product_service,4215,Equipos y suministros dentales,
dgi_mapping_178,product_service,4216,Equipo de diálisis y suministros,
dgi_mapping_179,product_service,4217,Productos para los servicios médicos de urgencias y campo,
dgi_mapping_180,product_service,4218,Productos de examen y control del paciente,
dgi_mapping_181,product_service,4219,Productos de centro médico,
dgi_mapping_182,product_service,4220,Productos de hacer imágenes diagnósticas médicas y de medicina nuclear,
dgi_mapping_183,product_service,4221,Ayuda para personas con desafíos físicos para vivir independiente,
dgi_mapping_184,product_service,4222,Productos para administración intravenosa y arterial,
dgi_mapping_185,product_service,4223,Nutrición clínica,
dgi_mapping_186,product_service,4224,Productos medicinales de deportes y ortopédicos y prótesis,
dgi_mapping_187,product_service,4225,Productos de rehabilitación y terapia ocupacional y física,
dgi_mapping_188,product_service,4226,Equipo y suministros post mortem y funerarios,
dgi_mapping_189,product_service,4227,"Productos de resucitación, anestesia y respiratorio",
dgi_mapping_190,product_service,4228,Productos para la esterilización médica,
dgi_mapping_191,product_service,4229,Productos quirúrgicos,
dgi_mapping_192,product_service,4230,Suministros para formación y estudios de medicina,
dgi_mapping_193,product_service,4231,Productos para el cuidado de heridas,
dgi_mapping_194,product_service,4232,Implantes ortopédicos quirúrgicos,
dgi_mapping_195,product_service,4319,Dispositivos de comunicaciones y accesorios,
dgi_mapping_196,product_service,4320,"Componentes para tecnología de la información, difusión o telecomunicaciones",
dgi_mapping_197,product_service,4321,Equipo informático y accesorios,
dgi_mapping_198,product_service,4322,Equipos o plataformas y accesorios de redes multimedia o de voz y datos,
dgi_mapping_199,product_service,4323,Software,
dgi_mapping_200,product_service,4410,"Maquinaria, suministros y accesorios de oficina",
dgi_mapping_201,product_service,4411,Accesorios de oficina y escritorio,
dgi_mapping_202,product_service,4412,Suministros de oficina,
dgi_mapping_203,product_service,4510,Equipo de imprenta y publicación,
dgi_mapping_204,product_service,4511,Equipos de audio y video para presentación y composición,
dgi_mapping_205,product_service,4512,"Equipo de vídeo, filmación o fotografía",
dgi_mapping_206,product_service,4513,Medios fotográficos y de grabación,
dgi_mapping_207,product_service,4514,Suministros fotográficos para cine,
dgi_mapping_208,product_service,4610,Armas ligeras y munición,
dgi_mapping_209,product_service,4611,Armas de guerra convencionales,
dgi_mapping_210,product_service,4612,Misiles,
dgi_mapping_211,product_service,4613,Cohetes y subsistemas,
dgi_mapping_212,product_service,4614,Lanzadores,
dgi_mapping_213,product_service,4615,Protección del Orden Público,
dgi_mapping_214,product_service,4616,Seguridad y control público,
dgi_mapping_215,product_service,4617,"Seguridad, vigilancia y detección",
dgi_mapping_216,product_service,4618,Seguridad y protección personal,
dgi_mapping_217,product_service,4619,Protección contra incendios,
dgi_mapping_218,product_service,4620,"Equipo de entrenamiento de seguridad física e industrial, defensa y orden público",
dgi_mapping_219,product_service,4710,"Tratamiento, suministros y eliminación de agua y aguas residuales",
dgi_mapping_220,product_service,4711,Equipo industrial de lavandería y lavado en seco,
dgi_mapping_221,product_service,4712,Equipo de aseo,
dgi_mapping_222,product_service,4713,Suministros de aseo y limpieza,
dgi_mapping_223,product_service,4810,Equipos de servicios de alimentación para instituciones,
dgi_mapping_224,product_service,4811,Máquinas expendedoras,
dgi_mapping_225,product_service,4812,Equipo de Juego o de Apostar,
dgi_mapping_226,product_service,4813,Equipo y materiales funerarios,
dgi_mapping_227,product_service,4910,Coleccionables y condecoraciones,
dgi_mapping_228,product_service,4912,Equipos y accesorios para acampada y exteriores,
dgi_mapping_229,product_service,4913,Equipos de pesca y caza,
dgi_mapping_230,product_service,4914,Equipos para deportes acuáticos,
dgi_mapping_231,product_service,4915,Equipos para deportes de invierno,
dgi_mapping_232,product_service,4916,Equipos deportivos para campos y canchas,
dgi_mapping_233,product_service,4917,Equipos de gimnasia y boxeo,
dgi_mapping_234,product_service,4918,"Juegos, equipo de tiro y mesa",
dgi_mapping_235,product_service,4920,Equipo para entrenamiento físico,
dgi_mapping_236,product_service,4921,Otros deportes,
dgi_mapping_237,product_service,4922,Equipo y accesorios para deportes,
dgi_mapping_238,product_service,4924,"Equipo de recreo, parques infantiles y equipo y suministros de natación y de spa",
dgi_mapping_239,product_service,5010,Frutos secos,
dgi_mapping_240,product_service,5011,Productos de carne y aves de corral,
dgi_mapping_241,product_service,5012,Pescados y mariscos,
dgi_mapping_242,product_service,5013,Productos lácteos y huevos,
dgi_mapping_243,product_service,5015,Aceites y grasas comestibles,
dgi_mapping_244,product_service,5016,"Chocolates, azúcares, edulcorantes y productos de confitería",
dgi_mapping_245,product_service,5017,Condimentos y conservantes,
dgi_mapping_246,product_service,5018,Productos de panadería,
dgi_mapping_247,product_service,5019,Alimentos preparados y conservados,
dgi_mapping_248,product_service,5020,Bebidas,
dgi_mapping_249,product_service,5021,Tabaco y productos de fumar y substitutos,
dgi_mapping_250,product_service,5022,Productos de cereales y legumbres,
dgi_mapping_251,product_service,5030,Fruta fresca,
dgi_mapping_252,product_service,5031,Fruta orgánica fresca,
dgi_mapping_253,product_service,5032,Fruta seca,
dgi_mapping_254,product_service,5033,Fruta orgánica seca,
dgi_mapping_255,product_service,5034,Fruta congelada,
dgi_mapping_256,product_service,5035,Fruta orgánica congelada,
dgi_mapping_257,product_service,5036,Fruta en lata o en frasco,
dgi_mapping_258,product_service,5037,Fruta orgánica en lata o en frasco,
dgi_mapping_259,product_service,5038,Puré de frutas,
dgi_mapping_260,product_service,5040,Vegetales frescos,
dgi_mapping_261,product_service,5041,Vegetales orgánicos frescos,
dgi_mapping_262,product_service,5042,Vegetales secos,
dgi_mapping_263,product_service,5043,Vegetales orgánicos secos,
dgi_mapping_264,product_service,5044,Vegetales congelados,
dgi_mapping_265,product_service,5045,Vegetales orgánicos congelados,
dgi_mapping_266,product_service,5046,Vegetales en lata o en frasco,
dgi_mapping_267,product_service,5047,Vegetales orgánicos en lata o en frasco,
dgi_mapping_268,product_service,5110,Medicamentos anti infecciosos,
dgi_mapping_269,product_service,5111,Agentes antitumorales,
dgi_mapping_270,product_service,5112,Medicamentos cardiovasculares,
dgi_mapping_271,product_service,5113,Medicamentos hematólogos,
dgi_mapping_272,product_service,5114,Medicamentos para el sistema nervioso central,
dgi_mapping_273,product_service,5115,Medicamentos para el sistema nervioso autónomo,
dgi_mapping_274,product_service,5116,Medicamentos que afectan al sistema respiratorio,
dgi_mapping_275,product_service,5117,Medicamentos que afectan al sistema gastrointestinal,
dgi_mapping_276,product_service,5118,Hormonas y antagonistas hormonales,
dgi_mapping_277,product_service,5119,Agentes que afectan el agua y los electrolitos,
dgi_mapping_278,product_service,5120,Medicamentos inmunomoduladores,
dgi_mapping_279,product_service,5121,Categorías de medicamentos varios,
dgi_mapping_280,product_service,5124,"Fármacos que afectan a los oídos, los ojos, la nariz y la piel",
dgi_mapping_281,product_service,5125,Suplementos alimenticios veterinarios,
dgi_mapping_282,product_service,5210,Revestimientos de suelos,
dgi_mapping_283,product_service,5212,"Ropa de cama, mantelerías, paños de cocina y toallas",
dgi_mapping_284,product_service,5213,Tratamientos de ventanas,
dgi_mapping_285,product_service,5214,Aparatos electrodomésticos,
dgi_mapping_286,product_service,5215,Utensilios de cocina domésticos,
dgi_mapping_287,product_service,5216,Electrónica de consumo,
dgi_mapping_288,product_service,5217,Tratamientos de pared doméstica,
dgi_mapping_289,product_service,5310,Ropa,
dgi_mapping_290,product_service,5311,Calzado,
dgi_mapping_291,product_service,5312,"Maletas, bolsos de mano, mochilas y estuches",
dgi_mapping_292,product_service,5313,Artículos de tocador y cuidado personal,
dgi_mapping_293,product_service,5314,Fuentes y accesorios de costura,
dgi_mapping_294,product_service,5410,Joyería,
dgi_mapping_295,product_service,5411,Relojes,
dgi_mapping_296,product_service,5412,Gemas,
dgi_mapping_297,product_service,5510,Medios impresos,
dgi_mapping_298,product_service,5511,Material electrónico de referencia,
dgi_mapping_299,product_service,5512,Etiquetado y accesorios,
dgi_mapping_300,product_service,5610,Muebles de alojamiento,
dgi_mapping_301,product_service,5611,Muebles comerciales e industriales,
dgi_mapping_302,product_service,5612,"Mobiliario institucional, escolar y educativo y accesorios",
dgi_mapping_303,product_service,5613,Muebles y accesorios para mercadeo,
dgi_mapping_304,product_service,5614,Adornos para el hogar,
dgi_mapping_305,product_service,6010,Materiales didácticos profesionales y de desarrollo y accesorios y suministros,
dgi_mapping_306,product_service,6011,Decoraciones y suministros del aula,
dgi_mapping_307,product_service,6012,"Equipo, accesorios y suministros de arte y manualidades",
dgi_mapping_308,product_service,6013,"Instrumentos musicales, piezas y accesorios",
dgi_mapping_309,product_service,6014,Juguetes y juegos,
dgi_mapping_310,product_service,7010,Pesquerías y acuicultura,
dgi_mapping_311,product_service,7011,Horticultura,
dgi_mapping_312,product_service,7012,Servicios de animales vivos,
dgi_mapping_313,product_service,7013,"Preparación, gestión y protección del terreno y del suelo",
dgi_mapping_314,product_service,7014,"Producción, gestión y protección de cultivos",
dgi_mapping_315,product_service,7015,Silvicultura,
dgi_mapping_316,product_service,7016,Fauna y flora silvestres,
dgi_mapping_317,product_service,7017,Desarrollo y vigilancia de recursos hidráulicos,
dgi_mapping_318,product_service,7110,Servicios de minería,
dgi_mapping_319,product_service,7111,Servicios de perforación y prospección petrolífera y de gas,
dgi_mapping_320,product_service,7112,Servicios de construcción y perforación de pozos,
dgi_mapping_321,product_service,7113,Servicios de aumento de la extracción y producción de gas y petróleo,
dgi_mapping_322,product_service,7114,Servicios de restauración y recuperación de gas y petróleo,
dgi_mapping_323,product_service,7115,Servicios de procesamiento y gestión de datos de petróleo y gas,
dgi_mapping_324,product_service,7116,Servicios de gerencia de proyectos en pozos de petróleo y gas,
dgi_mapping_325,product_service,7210,Servicios de mantenimiento y reparaciones de construcciones e instalaciones,
dgi_mapping_326,product_service,7211,Servicios de construcción de edificaciones residenciales,
dgi_mapping_327,product_service,7212,Servicios de construcción de edificaciones no residenciales,
dgi_mapping_328,product_service,7214,Servicios de construcción pesada,
dgi_mapping_329,product_service,7215,Servicios de mantenimiento y construcción de comercio especializado,
dgi_mapping_330,product_service,7310,Industrias de plásticos y productos químicos,
dgi_mapping_331,product_service,7311,Industrias de la madera y el papel,
dgi_mapping_332,product_service,7312,Industrias del metal y de minerales,
dgi_mapping_333,product_service,7313,Industrias de alimentos y bebidas,
dgi_mapping_334,product_service,7314,"Industrias de fibras, textiles y de tejidos",
dgi_mapping_335,product_service,7315,Servicios de apoyo a la fabricación,
dgi_mapping_336,product_service,7316,Fabricación de maquinaria y equipo de transporte,
dgi_mapping_337,product_service,7317,Fabricación de productos eléctricos e instrumentos de precisión,
dgi_mapping_338,product_service,7318,Servicios de maquinado y procesado,
dgi_mapping_339,product_service,7610,Servicios de descontaminación,
dgi_mapping_340,product_service,7611,Servicios de aseo y limpieza,
dgi_mapping_341,product_service,7612,Eliminación y tratamiento de desechos,
dgi_mapping_342,product_service,7613,Limpieza de residuos tóxicos y peligrosos,
dgi_mapping_343,product_service,7710,Gestión medioambiental,
dgi_mapping_344,product_service,7711,Protección medioambiental,
dgi_mapping_345,product_service,7712,"Seguimiento, control y rehabilitación de la contaminación",
dgi_mapping_346,product_service,7713,"Servicios de seguimiento, control o rehabilitación de contaminantes",
dgi_mapping_347,product_service,7810,Transporte de correo y carga,
dgi_mapping_348,product_service,7811,Transporte de pasajeros,
dgi_mapping_349,product_service,7812,Manejo y embalaje de material,
dgi_mapping_350,product_service,7813,Almacenaje,
dgi_mapping_351,product_service,7814,Servicios de transporte,
dgi_mapping_352,product_service,7818,Servicios de mantenimiento o reparaciones de transportes,
dgi_mapping_353,product_service,8010,Servicios de asesoría de gestión,
dgi_mapping_354,product_service,8011,Servicios de recursos humanos,
dgi_mapping_355,product_service,8012,Servicios legales,
dgi_mapping_356,product_service,8013,Servicios inmobiliarios,
dgi_mapping_357,product_service,8014,Comercialización y distribución,
dgi_mapping_358,product_service,8015,Política comercial y servicios,
dgi_mapping_359,product_service,8016,Servicios de administración de empresas,
dgi_mapping_360,product_service,8110,Servicios profesionales de ingeniería,
dgi_mapping_361,product_service,8111,Servicios informáticos,
dgi_mapping_362,product_service,8112,Economía,
dgi_mapping_363,product_service,8113,Estadística,
dgi_mapping_364,product_service,8114,Tecnologías de fabricación,
dgi_mapping_365,product_service,8115,Servicios de pedología,
dgi_mapping_366,product_service,8116,Entrega de servicios de tecnología de información,
dgi_mapping_367,product_service,8210,Publicidad,
dgi_mapping_368,product_service,8211,Escritura y traducciones,
dgi_mapping_369,product_service,8212,Servicios de reproducción,
dgi_mapping_370,product_service,8213,Servicios fotográficos,
dgi_mapping_371,product_service,8214,Diseño gráfico,
dgi_mapping_372,product_service,8215,Artistas e intérpretes profesionales,
dgi_mapping_373,product_service,8310,Servicios públicos,
dgi_mapping_374,product_service,8311,Servicios de medios de telecomunicaciones,
dgi_mapping_375,product_service,8312,Servicios de información,
dgi_mapping_376,product_service,8410,Finanzas de desarrollo,
dgi_mapping_377,product_service,8411,Servicios de contabilidad y auditorias,
dgi_mapping_378,product_service,8412,Banca e inversiones,
dgi_mapping_379,product_service,8413,Servicios de seguros y pensiones,
dgi_mapping_380,product_service,8414,Agencias de crédito,
dgi_mapping_381,product_service,8510,Servicios integrales de salud,
dgi_mapping_382,product_service,8511,Prevención y control de enfermedades,
dgi_mapping_383,product_service,8512,Práctica médica,
dgi_mapping_384,product_service,8513,"Ciencia médica, investigación y experimentación",
dgi_mapping_385,product_service,8514,Medicina alternativa y holística,
dgi_mapping_386,product_service,8515,Servicios alimenticios y de nutrición,
dgi_mapping_387,product_service,8516,"Servicios de mantenimiento, renovación y reparación de equipo médico quirúrgico",
dgi_mapping_388,product_service,8517,Servicios de muerte y soporte al fallecimiento,
dgi_mapping_389,product_service,8610,Formación profesional,
dgi_mapping_390,product_service,8611,Sistemas educativos alternativos,
dgi_mapping_391,product_service,8612,Instituciones educativas,
dgi_mapping_392,product_service,8613,Servicios educativos especializados,
dgi_mapping_393,product_service,8614,Instalaciones educativas,
dgi_mapping_394,product_service,9010,Restaurantes y catering (servicios de comidas y bebidas),
dgi_mapping_395,product_service,9011,"Instalaciones hoteleras, alojamientos y centros de encuentros",
dgi_mapping_396,product_service,9012,Facilitación de viajes,
dgi_mapping_397,product_service,9013,Artes interpretativas,
dgi_mapping_398,product_service,9014,Deportes comerciales,
dgi_mapping_399,product_service,9015,Servicios de entretenimiento,
dgi_mapping_400,product_service,9110,Aspecto personal,
dgi_mapping_401,product_service,9111,Asistencia doméstica y personal,
dgi_mapping_402,product_service,9210,Orden público y seguridad,
dgi_mapping_403,product_service,9211,Servicios militares o defensa nacional,
dgi_mapping_404,product_service,9212,Seguridad y protección personal,
dgi_mapping_405,product_service,9310,Sistemas e instituciones políticas,
dgi_mapping_406,product_service,9311,Condiciones sociopolíticas,
dgi_mapping_407,product_service,9312,Relaciones internacionales,
dgi_mapping_408,product_service,9313,Ayuda y asistencia humanitaria,
dgi_mapping_409,product_service,9314,Servicios comunitarios y sociales,
dgi_mapping_410,product_service,9315,Servicios de administración y financiación pública,
dgi_mapping_411,product_service,9316,Tributación,
dgi_mapping_412,product_service,9317,Política y regulación comercial,
dgi_mapping_413,product_service,9410,Organizaciones laborales,
dgi_mapping_414,product_service,9411,Organizaciones religiosas,
dgi_mapping_415,product_service,9412,Clubes,
dgi_mapping_416,product_service,9413,"Organizaciones, asociaciones y movimientos cívicos",
dgi_mapping_417,product_service,9510,Parcelas de tierra,
dgi_mapping_418,product_service,9511,Vías,
dgi_mapping_419,product_service,9512,Estructuras y edificios permanentes,
dgi_mapping_420,product_service,9513,Estructuras y edificios móviles,
dgi_mapping_421,product_service,9514,Estructuras y edificios prefabricados,
dgi_mapping_422,unit_of_measure,um,Micrómetro: 10-6 m (µm),
dgi_mapping_423,unit_of_measure,mm,Milímetro: 10-3 m,
dgi_mapping_424,unit_of_measure,cm,Centímetro: 10-2 m,
dgi_mapping_425,unit_of_measure,dm,Decímetro: 10-1 m,
dgi_mapping_426,unit_of_measure,m,Metro,
dgi_mapping_427,unit_of_measure,dam,Decámetro: 10 m,
dgi_mapping_428,unit_of_measure,hm,Hectómetro: 100 m,
dgi_mapping_429,unit_of_measure,km,Kilómetro: 1000 m,
dgi_mapping_430,unit_of_measure,mi,Milla internacional: 1609.3 m,
dgi_mapping_431,unit_of_measure,nmi,Milla náutica: 1.852 m,
dgi_mapping_432,unit_of_measure,in,Pulgada: 2.54 cm,
dgi_mapping_433,unit_of_measure,ft,"Pie: 12 in, o 30.48 cm",
dgi_mapping_434,unit_of_measure,yd,"Yarda: 3 ft, o 91.44 cm",
dgi_mapping_435,unit_of_measure,mm2,Milímetro cuadrado,
dgi_mapping_436,unit_of_measure,cm2,Centímetro cuadrado,
dgi_mapping_437,unit_of_measure,dm2,Decímetro cuadrado,
dgi_mapping_438,unit_of_measure,m2,Metro cuadrado,
dgi_mapping_439,unit_of_measure,ha,Hectárea: 1000 m2,
dgi_mapping_440,unit_of_measure,km2,Kilómetro cuadrado,
dgi_mapping_441,unit_of_measure,acre,Acre: 4046.87260987 m2,
dgi_mapping_442,unit_of_measure,mi2,Milla cuadrada,
dgi_mapping_443,unit_of_measure,Ping,Unidad de área equivalente a 3.3 metros cuadrados.,
dgi_mapping_444,unit_of_measure,in2,Pie cuadrado,
dgi_mapping_445,unit_of_measure,Ft2,ft²,
dgi_mapping_446,unit_of_measure,yd2,Yarda cuadrada,
dgi_mapping_447,unit_of_measure,ul,Microlitro: 10-6 l (µl),
dgi_mapping_448,unit_of_measure,ml,Mililitro: 10-3 l,
dgi_mapping_449,unit_of_measure,cl,Centilitro: 10-2 l,
dgi_mapping_450,unit_of_measure,dl,Decilitro: 10-1 l,
dgi_mapping_451,unit_of_measure,l,Litro,
dgi_mapping_452,unit_of_measure,dal,Decalitro: 10 l,
dgi_mapping_453,unit_of_measure,hl,Hectolitro: 100 l,
dgi_mapping_454,unit_of_measure,kl,Kilolitro: 1000 l,
dgi_mapping_455,unit_of_measure,mm3,Milímetro cúbico: 10-6 l,
dgi_mapping_456,unit_of_measure,cm3,Centímetro cúbico: 10-3 l,
dgi_mapping_457,unit_of_measure,dm3,Decímetro cúbico: 1 l,
dgi_mapping_458,unit_of_measure,m3,Metro cúbico: 1000 l,
dgi_mapping_459,unit_of_measure,fl oz,Onza líquida EUA: 29.5735295625 ml,
dgi_mapping_460,unit_of_measure,gill,"Gill: 4 fl oz, o 118.29411825 ml",
dgi_mapping_461,unit_of_measure,pint,"Pinta líquida EUA: 4 gills, 16 fl oz o 473.17647 ml",
dgi_mapping_462,unit_of_measure,quart,"Cuarto EUA: 2 pt, 8 gills, 32 fl oz o 0.94635295 l",
dgi_mapping_463,unit_of_measure,gal,"Galón EUA: 4 qt, 8 pt, 32 gills, 128 fl u oz 3.875 l",
dgi_mapping_464,unit_of_measure,fl oz UK,Onza líquida UK: 28.4130625 ml,
dgi_mapping_465,unit_of_measure,gill UK,"Gill UK: 4 fl oz UK, o 142.0653125 ml",
dgi_mapping_466,unit_of_measure,pint UK,Pinta líquida UK: 568.26125 ml,
dgi_mapping_467,unit_of_measure,quart UK,Cuarto UK: 1.1365225 l,
dgi_mapping_468,unit_of_measure,gal UK,Galón UK: 4.54609 l,
dgi_mapping_469,unit_of_measure,pinta seca,Pinta seca: 550.610471358 ml,
dgi_mapping_470,unit_of_measure,cuarto seco,"Cuarto seco: 2 pinta seca, o 1.10122094272 l",
dgi_mapping_471,unit_of_measure,galon seco,"Galón seco: 4 cuarto seco, 8 pinta seca, o 4.40488377086 l",
dgi_mapping_472,unit_of_measure,pk,"Peck: 2 galón seco, 8 cuarto seco, 16 pinta seca, o 8.81 l",
dgi_mapping_473,unit_of_measure,bu,"Bushel (EUA): 8 gal, o 35.23907 l",
dgi_mapping_474,unit_of_measure,pinta seca UK,Pinta seca UK: 661.25560456 ml,
dgi_mapping_475,unit_of_measure,cuarto seco UK,"Cuarto seco UK: 2 pinta seca UK, o 1,32251120912 l",
dgi_mapping_476,unit_of_measure,pk UK,"Peck: 8 cuarto seco UK, 16 pinta seca UK, o 10.580089673 l",
dgi_mapping_477,unit_of_measure,bu UK,"Bushel (UK): 4 pk UK, o 42.3203586918 l",
dgi_mapping_478,unit_of_measure,in3,"Pulgada cúbica: 16,387064 cm³",
dgi_mapping_479,unit_of_measure,Ft3,"Pie cúbico: 1728 in³, o 28,316846592 dm³",
dgi_mapping_480,unit_of_measure,yd3,"Yarda cúbica: 27 ft³, 46 656 in³ o 764.554857984 dm³",
dgi_mapping_481,unit_of_measure,ug,Microgramo: 10-6 g (µg),
dgi_mapping_482,unit_of_measure,mg,Miligramo: 10-3 g,
dgi_mapping_483,unit_of_measure,cg,Centígramo: 10-2 g,
dgi_mapping_484,unit_of_measure,dg,Decigramo: 10-1 g,
dgi_mapping_485,unit_of_measure,g,Gramo,
dgi_mapping_486,unit_of_measure,dag,Decagramo: 10 g,
dgi_mapping_487,unit_of_measure,hg,Héctogramo: 100 g,
dgi_mapping_488,unit_of_measure,kg,Kilogramo: 1000 g,
dgi_mapping_489,unit_of_measure,t,Tonelada: 1000 kg,
dgi_mapping_490,unit_of_measure,ton,Tonelada Curta: 907.18474 Kg,
dgi_mapping_491,unit_of_measure,LTN,Tonelada Longa: 1016.0469088 Kg,
dgi_mapping_492,unit_of_measure,TN,Tonelada de carga,
dgi_mapping_493,unit_of_measure,gr,"Grain (1/7000 lb, o 64.79 mg)",
dgi_mapping_494,unit_of_measure,dr,"Dram (1/256 lb, 1/16 oz, o 1.772 g)",
dgi_mapping_495,unit_of_measure,oz,"Onza (1/16 lb, o 28.35 g)",
dgi_mapping_496,unit_of_measure,lb,Libra (453.6 g),
dgi_mapping_497,unit_of_measure,st,"Stone (14 lb, 1/2 qr, o 6.3504 kg)",
dgi_mapping_498,unit_of_measure,qr,"Quarter (28 lb, o 12.708 kg)",
dgi_mapping_499,unit_of_measure,cwt,Hundredweight (50.8 kg),
dgi_mapping_500,unit_of_measure,ozt,Onza troy: 31.103 g,
dgi_mapping_501,unit_of_measure,lbt,Libra troy: 373.24 g,
dgi_mapping_502,unit_of_measure,dwt,Pennyweight: 1.55 g,
dgi_mapping_503,unit_of_measure,ct,Quilate métrico: 200 mg,
dgi_mapping_504,unit_of_measure,und,Unidad,
dgi_mapping_505,unit_of_measure,Kit,Kit,
dgi_mapping_506,unit_of_measure,Paquete,Paquete,
dgi_mapping_507,unit_of_measure,Persona,Persona,
dgi_mapping_508,unit_of_measure,Cabeza,Cabeza: animal considerado como un número,
dgi_mapping_509,unit_of_measure,Grupo,Grupo: conjunto de elementos clasificados juntos,
dgi_mapping_510,unit_of_measure,Bobina,Bobina,
dgi_mapping_511,unit_of_measure,Decena,Número de unidades en múltiplos de 10,
dgi_mapping_512,unit_of_measure,Docena,Número de unidades en múltiplos de 12,
dgi_mapping_513,unit_of_measure,Ciento,Número de unidades contadas en múltiplos de 100,
dgi_mapping_514,unit_of_measure,Millar,Número de unidades contadas en múltiplos de 1000,
dgi_mapping_515,unit_of_measure,Viaje,Viaje,
dgi_mapping_516,unit_of_measure,Visita,Visita,
dgi_mapping_517,unit_of_measure,Barrica,Barrica,
dgi_mapping_518,unit_of_measure,Barril,Barril,
dgi_mapping_519,unit_of_measure,Blanco,Unidad de conteo que define el número de blancos,
dgi_mapping_520,unit_of_measure,Bolso,Recipiente de material flexible con tapa abierta o cerrada,
dgi_mapping_521,unit_of_measure,Caja,Caja,
dgi_mapping_522,unit_of_measure,Cesta,Cesta,
dgi_mapping_523,unit_of_measure,BTU,Unidad térmica británica,
dgi_mapping_524,unit_of_measure,bit,Unidad de información igual a un dígito binario,
dgi_mapping_525,unit_of_measure,bit/s,Bits por segundo: Unidad de información igual a un dígito binario por segundo,
dgi_mapping_526,unit_of_measure,kbit,Kilobits: Unidad de información igual a 10³ (1000) bits (dígitos binarios),
dgi_mapping_527,unit_of_measure,kbit/s,Kilobits por segundo: Unidad de información igual a 10³ (1000) bits (dígitos binarios) por segundo,
dgi_mapping_528,unit_of_measure,Kibit,Kibibit: Unidad de información igual a 1024 bits (dígitos binarios),
dgi_mapping_529,unit_of_measure,Mbit,Megabit: Unidad de información igual a 1000000 bits (dígitos binarios),
dgi_mapping_530,unit_of_measure,Mbit/s,Megabit por segundo: Unidad de información igual a (1000000) bits (dígitos binarios) por segundo.,
dgi_mapping_531,unit_of_measure,Mibit,Mebibit: Unidad de información igual a 1048576 bits (dígitos binarios),
dgi_mapping_532,unit_of_measure,Gbit,Gigabit: Unidad de información igual a 10^9 bits (dígitos binarios),
dgi_mapping_533,unit_of_measure,Gbit/s,Gigabit: Unidad de información igual a 10^9 bits (dígitos binarios) por segundo,
dgi_mapping_534,unit_of_measure,Gibit,Gibibit: Unidad de información igual a 2^30 bits (dígitos binarios),
dgi_mapping_535,unit_of_measure,Pbit,Petabit: Unidad de información igual a 10^10 los bits (dígitos binarios),
dgi_mapping_536,unit_of_measure,Tbit,Tebibit: Unidad de información igual a 10¹² los bits (dígitos binarios),
dgi_mapping_537,unit_of_measure,byte,Byte: Unidad de información igual a 8 bits,
dgi_mapping_538,unit_of_measure,kbyte,Kilobyte: Unidad de información igual a 10^3 bytes,
dgi_mapping_539,unit_of_measure,Mbyte,Mbyte: Unidad de información igual a 10^6 bytes,
dgi_mapping_540,unit_of_measure,Gbyte,Gigabyte: Unidad de información igual a 10^9 bytes,
dgi_mapping_541,unit_of_measure,Tbyte,Terabyte: Unidad de información igual a 10^12 bytes,
dgi_mapping_542,unit_of_measure,Pbyte,Petabyte: Unidad de información igual a 10^15bytes,
dgi_mapping_543,unit_of_measure,Ebyte,Exbibyte: Unidad de información igual a 10^18 bytes,
dgi_mapping_544,unit_of_measure,Kibyte,Kibibyte: Unidad de información igual a 2^10 bytes,
dgi_mapping_545,unit_of_measure,Mibyte,Mebibyte: Unidad de información igual a 2^20 bytes,
dgi_mapping_546,unit_of_measure,Gibyte,Gibibyte: Unidad de información igual a 2^30 bytes,
dgi_mapping_547,unit_of_measure,Tibyte,Tebibyte: Unidad de información igual a 2^40 bytes,
dgi_mapping_548,unit_of_measure,Kcaracter,Kilocaracter: Unidad de información igual a 10³ caracteres,
dgi_mapping_549,unit_of_measure,Pixel,Unidad para número de píxeles (píxel: elemento de imagen),
dgi_mapping_550,unit_of_measure,MPixel,Megapíxeles: Unidad igual a 10^6 píxeles (elementos de imagen),
dgi_mapping_551,unit_of_measure,dpi,Puntos por pulgada: Número de puntos por pulgada lineal,
dgi_mapping_552,unit_of_measure,Lineas acceso,Número de líneas de acceso telefónico,
dgi_mapping_553,unit_of_measure,Lineas servicio,Número de líneas de servicio,
dgi_mapping_554,unit_of_measure,Llamada,Una unidad de recuento de definir el número de llamadas,
dgi_mapping_555,unit_of_measure,MML,Minuto y medio por llamada: Número de minutos (para el intervalo medio de una llamada),
dgi_mapping_556,unit_of_measure,Puerto,Puerto de telecomunicaciones: Número de puerto de acceso a la red,
dgi_mapping_557,unit_of_measure,W,Watt,
dgi_mapping_558,unit_of_measure,kW,Kilowatt,
dgi_mapping_559,unit_of_measure,MW,Megawatt,
dgi_mapping_560,unit_of_measure,GW,Gigawatt,
dgi_mapping_561,unit_of_measure,TW,Terawatt,
dgi_mapping_562,unit_of_measure,Wh,Watt hora,
dgi_mapping_563,unit_of_measure,kWh,Kilowatt hora,
dgi_mapping_564,unit_of_measure,MWh,Megawatt hora,
dgi_mapping_565,unit_of_measure,GWh,Gigawatt hora,
dgi_mapping_566,unit_of_measure,TWh,Terawatt hora,
dgi_mapping_567,unit_of_measure,VA,Voltio-amperio,
dgi_mapping_568,unit_of_measure,kVA,Kilooltio-amperio,
dgi_mapping_569,unit_of_measure,MVA,Megavoltio-amperio,
dgi_mapping_570,unit_of_measure,Denier,Unidad tradicional para la indicación de la masa lineal de fibras e hilados textiles,
dgi_mapping_571,unit_of_measure,lbb,Libra de bateo: Unidad de masa que define el número de libras de fibra acolchada,
dgi_mapping_572,unit_of_measure,Madeja,"Unidad de longitud, típicamente para el hilado",
dgi_mapping_573,unit_of_measure,Ano,Unidad de tiempo equivalente a 365.25 días,
dgi_mapping_574,unit_of_measure,Ano común,"Es un año civil de 365 días, uno menos que el año bisiesto, por lo que tiene exactamente 52 semanas y un día",
dgi_mapping_575,unit_of_measure,Mes,Mes,
dgi_mapping_576,unit_of_measure,Dia,Día,
dgi_mapping_577,unit_of_measure,Hora,Hora,
dgi_mapping_578,unit_of_measure,Min,Minuto,
dgi_mapping_579,unit_of_measure,Seg,Segundo,
dgi_mapping_580,unit_of_measure,Semana,Período de tiempo estándar utilizado para los ciclos de días de trabajo y de descanso,
dgi_mapping_581,unit_of_measure,Actividad,Actividad: una unidad de trabajo o acción,
dgi_mapping_582,unit_of_measure,Hora trabajo,Número de horas de trabajo,
dgi_mapping_583,unit_of_measure,Hora extra,Número de horas extras,
dgi_mapping_584,unit_of_measure,Mes trabajo,Número de meses de trabajo,
dgi_mapping_585,unit_of_measure,Personas,Número de personas,
dgi_mapping_586,unit_of_measure,Puesto,Número de puestos de trabajo,
dgi_mapping_587,currency,AED,Dírham de los Emiratos Árabes Unidos,
dgi_mapping_588,currency,AFN,Afgani,
dgi_mapping_589,currency,ALL,Lek,
dgi_mapping_590,currency,AMD,Dram Armenio,
dgi_mapping_591,currency,ANG,Florín Antillano Neerlandés,
dgi_mapping_592,currency,AOA,Kwanza,
dgi_mapping_593,currency,ARS,Peso Argentino,
dgi_mapping_594,currency,AUD,Dólar Australiano,
dgi_mapping_595,currency,AWG,Florín Arubeño,
dgi_mapping_596,currency,AZN,Manat Azerbaiyano,
dgi_mapping_597,currency,BAM,Marco Convertible,
dgi_mapping_598,currency,BBD,Dólar de Barbados,
dgi_mapping_599,currency,BDT,Taka,
dgi_mapping_600,currency,BGN,Lev búlgaro,
dgi_mapping_601,currency,BHD,Dinar Bahreiní,
dgi_mapping_602,currency,BIF,Franco de Burundi,
dgi_mapping_603,currency,BMD,Dólar Bermudeño,
dgi_mapping_604,currency,BND,Dólar de Brunéi,
dgi_mapping_605,currency,BOB,Boliviano,
dgi_mapping_606,currency,BRL,Real Brasileño,
dgi_mapping_607,currency,BSD,Dólar Bahameño,
dgi_mapping_608,currency,BTN,Ngultrum,
dgi_mapping_609,currency,BWP,Pula,
dgi_mapping_610,currency,BYR,Rublo Bielorruso,
dgi_mapping_611,currency,BZD,Dólar Beliceño,
dgi_mapping_612,currency,CAD,Dólar Canadiense,
dgi_mapping_613,currency,CDF,Franco Congoleño,
dgi_mapping_614,currency,CHF,Franco suizo,
dgi_mapping_615,currency,CLP,Peso Chileno,
dgi_mapping_616,currency,CNY,Yuan Chino,
dgi_mapping_617,currency,COP,Peso Colombiano,
dgi_mapping_618,currency,CRC,Colón Costarricense,
dgi_mapping_619,currency,CUP,Peso Cubano,
dgi_mapping_620,currency,CVE,Escudo Caboverdiano,
dgi_mapping_621,currency,CZK,Corona Checa,
dgi_mapping_622,currency,DJF,Franco Yibutiano,
dgi_mapping_623,currency,DKK,Corona Danesa,
dgi_mapping_624,currency,DOP,Peso Dominicano,
dgi_mapping_625,currency,DZD,Dinar Argelino,
dgi_mapping_626,currency,EGP,Libra Egipcia,
dgi_mapping_627,currency,ERN,Nakfa,
dgi_mapping_628,currency,ETB,Birr Etíope,
dgi_mapping_629,currency,EUR,Euro,
dgi_mapping_630,currency,FJD,Dólar Fiyiano,
dgi_mapping_631,currency,FKP,Libra Malvinense,
dgi_mapping_632,currency,GBP,Libra Esterlina,
dgi_mapping_633,currency,GEL,Lari,
dgi_mapping_634,currency,GHS,Cedi Ghanés,
dgi_mapping_635,currency,GIP,Libra de Gibraltar,
dgi_mapping_636,currency,GMD,Dalasi,
dgi_mapping_637,currency,GNF,Franco Guineano,
dgi_mapping_638,currency,GTQ,Quetzal,
dgi_mapping_639,currency,GYD,Dólar Guyanés,
dgi_mapping_640,currency,HKD,Dólar de Hong Kong,
dgi_mapping_641,currency,HNL,Lempira,
dgi_mapping_642,currency,HRK,Kuna,
dgi_mapping_643,currency,HTG,Gourde,
dgi_mapping_644,currency,HUF,Forinto,
dgi_mapping_645,currency,IDR,Rupia Indonesia,
dgi_mapping_646,currency,ILS,Nuevo Shéquel Israelí,
dgi_mapping_647,currency,INR,Rupia India,
dgi_mapping_648,currency,IQD,Dinar Iraquí,
dgi_mapping_649,currency,IRR,Rial Iraní,
dgi_mapping_650,currency,ISK,Corona Islandesa,
dgi_mapping_651,currency,JMD,Dólar Jamaiquino,
dgi_mapping_652,currency,JOD,Dinar Jordano,
dgi_mapping_653,currency,JPY,Yen,
dgi_mapping_654,currency,KES,Chelín Keniano,
dgi_mapping_655,currency,KGS,Som,
dgi_mapping_656,currency,KHR,Riel,
dgi_mapping_657,currency,KMF,Franco Comorense,
dgi_mapping_658,currency,KPW,Won Norcoreano,
dgi_mapping_659,currency,KRW,Won,
dgi_mapping_660,currency,KWD,Dinar Kuwaití,
dgi_mapping_661,currency,KYD,Dólar de las Islas Caimán,
dgi_mapping_662,currency,KZT,Tenge,
dgi_mapping_663,currency,LAK,Kip,
dgi_mapping_664,currency,LBP,Libra Libanesa,
dgi_mapping_665,currency,LKR,Rupia de Sri Lanka,
dgi_mapping_666,currency,LRD,Dólar Liberiano,
dgi_mapping_667,currency,LSL,Loti,
dgi_mapping_668,currency,LYD,Dinar Libio,
dgi_mapping_669,currency,MAD,Dírham Marroquí,
dgi_mapping_670,currency,MDL,Leu Moldavo,
dgi_mapping_671,currency,MGA,Ariary Malgache,
dgi_mapping_672,currency,MKD,Denar,
dgi_mapping_673,currency,MMK,Kyat,
dgi_mapping_674,currency,MNT,Tugrik,
dgi_mapping_675,currency,MOP,Pataca,
dgi_mapping_676,currency,MRO,Uguiya,
dgi_mapping_677,currency,MUR,Rupia de Mauricio,
dgi_mapping_678,currency,MVR,Rufiyaa,
dgi_mapping_679,currency,MWK,Kwacha,
dgi_mapping_680,currency,MXN,Peso mexicano,
dgi_mapping_681,currency,MYR,Ringgit Malayo,
dgi_mapping_682,currency,MZN,Metical Mozambiqueño,
dgi_mapping_683,currency,NAD,Dólar Namibio,
dgi_mapping_684,currency,NGN,Naira,
dgi_mapping_685,currency,NIO,Córdoba,
dgi_mapping_686,currency,NOK,Corona Noruega,
dgi_mapping_687,currency,NPR,Rupia Nepalí,
dgi_mapping_688,currency,NZD,Dólar Neozelandés,
dgi_mapping_689,currency,OMR,Rial Omaní,
dgi_mapping_690,currency,PAB,Balboa,
dgi_mapping_691,currency,PEN,Sol,
dgi_mapping_692,currency,PGK,Kina,
dgi_mapping_693,currency,PHP,Peso Filipino,
dgi_mapping_694,currency,PKR,Rupia Pakistaní,
dgi_mapping_695,currency,PLN,Złoty,
dgi_mapping_696,currency,PYG,Guaraní,
dgi_mapping_697,currency,QAR,Riyal Qatarí,
dgi_mapping_698,currency,RON,Leu Rumano,
dgi_mapping_699,currency,RSD,Dinar Serbio,
dgi_mapping_700,currency,RUB,Rublo Ruso,
dgi_mapping_701,currency,RWF,Franco Ruandés,
dgi_mapping_702,currency,SAR,Riyal Saudí,
dgi_mapping_703,currency,SBD,Dólar de las Islas Salomón,
dgi_mapping_704,currency,SCR,Rupia Seychelense,
dgi_mapping_705,currency,SDG,Dinar Sudanés,
dgi_mapping_706,currency,SEK,Corona Sueca,
dgi_mapping_707,currency,SGD,Dólar de Singapur,
dgi_mapping_708,currency,SHP,Libra de Santa Elena,
dgi_mapping_709,currency,SLL,Leone,
dgi_mapping_710,currency,SOS,Chelín Somalí,
dgi_mapping_711,currency,SRD,Dólar Surinamés,
dgi_mapping_712,currency,SSP,Libra Sudsudanesa,
dgi_mapping_713,currency,STD,Dobra,
dgi_mapping_714,currency,SVC,Colon Salvadoreño,
dgi_mapping_715,currency,SYP,Libra Siria,
dgi_mapping_716,currency,SZL,Lilangeni,
dgi_mapping_717,currency,THB,Baht,
dgi_mapping_718,currency,TJS,Somoni Tayiko,
dgi_mapping_719,currency,TMT,Manat Turcomano,
dgi_mapping_720,currency,TND,Dinar Tunecino,
dgi_mapping_721,currency,TOP,Pa’anga,
dgi_mapping_722,currency,TRY,Lira turca,
dgi_mapping_723,currency,TTD,Dólar de Trinidad y Tobago,
dgi_mapping_724,currency,TWD,Nuevo Dólar Taiwanés,
dgi_mapping_725,currency,TZS,Chelín Tanzano,
dgi_mapping_726,currency,UAH,Grivna,
dgi_mapping_727,currency,UGX,Chelín Ugandés,
dgi_mapping_728,currency,USD,Dólar Estadounidense,
dgi_mapping_729,currency,UYU,Peso Uruguayo,
dgi_mapping_730,currency,UZS,Som Uzbeko,
dgi_mapping_731,currency,VEF,Bolívar,
dgi_mapping_732,currency,VND,Dong Vietnamita,
dgi_mapping_733,currency,VUV,Vatu,
dgi_mapping_734,currency,WST,Tala,
dgi_mapping_735,currency,XAF,Franco CFA de África Central,
dgi_mapping_736,currency,XCD,Dólar del Caribe Oriental,
dgi_mapping_737,currency,XOF,Franco CFA de África Occidental,
dgi_mapping_738,currency,XPF,Franco CFP,
dgi_mapping_739,currency,YER,Rial Yemení,
dgi_mapping_740,currency,ZAR,Rand,
dgi_mapping_741,currency,ZMW,Kwacha Zambiano,
dgi_mapping_742,currency,ZWL,Dólar Zimbabuense,
dgi_mapping_743,currency,ZZZ,Moneda no existente en la tabla,
dgi_mapping_744,country,AF,Afganistán,
dgi_mapping_745,country,AL,Albania,
dgi_mapping_746,country,DE,Alemania,
dgi_mapping_747,country,DZ,Argelia,
dgi_mapping_748,country,AD,Andorra,
dgi_mapping_749,country,AO,Angola,
dgi_mapping_750,country,AI,Anguila,
dgi_mapping_751,country,AQ,Antártida,
dgi_mapping_752,country,AG,Antigua y Barbuda,
dgi_mapping_753,country,AN,Antillas Neerlandesa s,
dgi_mapping_754,country,SA,Arabia Saudita,
dgi_mapping_755,country,AR,Argentina,
dgi_mapping_756,country,AM,Armenia,
dgi_mapping_757,country,AW,Aruba,
dgi_mapping_758,country,AU,Australia,
dgi_mapping_759,country,AT,Austria,
dgi_mapping_760,country,AZ,Azerbaiyán,
dgi_mapping_761,country,BE,Bélgica,
dgi_mapping_762,country,BS,Bahamas,
dgi_mapping_763,country,BH,Bahréin,
dgi_mapping_764,country,BD,Bangladesh,
dgi_mapping_765,country,BB,Barbados,
dgi_mapping_766,country,BZ,Belice,
dgi_mapping_767,country,BT,Bután,
dgi_mapping_768,country,BY,Bielorrusia,
dgi_mapping_769,country,MM,Birmania,
dgi_mapping_770,country,BO,Bolivia,
dgi_mapping_771,country,BA,Bosnia y Herzegovina,
dgi_mapping_772,country,BW,Botsuana,
dgi_mapping_773,country,BR,Brasil,
dgi_mapping_774,country,BN,Brunéi,
dgi_mapping_775,country,BG,Bulgaria,
dgi_mapping_776,country,BF,Burkina Faso,
dgi_mapping_777,country,BI,Burundi,
dgi_mapping_778,country,CV,Cabo Verde,
dgi_mapping_779,country,KH,Camboya,
dgi_mapping_780,country,CM,Camerún,
dgi_mapping_781,country,CA,Canadá,
dgi_mapping_782,country,TD,Chad,
dgi_mapping_783,country,CL,Chile,
dgi_mapping_784,country,CN,China,
dgi_mapping_785,country,CY,Chipre,
dgi_mapping_786,country,VA,Ciudad del Vaticano,
dgi_mapping_787,country,CO,Colombia,
dgi_mapping_788,country,KM,Comoras,
dgi_mapping_789,country,CG,Congo,
dgi_mapping_790,country,CD,Congo,
dgi_mapping_791,country,KP,Corea del Norte,
dgi_mapping_792,country,KR,Corea del Sur,
dgi_mapping_793,country,CI,Costa de Marfil,
dgi_mapping_794,country,CR,Costa Rica,
dgi_mapping_795,country,HR,Croacia,
dgi_mapping_796,country,CU,Cuba,
dgi_mapping_797,country,CW,Curacao,
dgi_mapping_798,country,DK,Dinamarca,
dgi_mapping_799,country,DM,Dominica,
dgi_mapping_800,country,EC,Ecuador,
dgi_mapping_801,country,EG,Egipto,
dgi_mapping_802,country,SV,El Salvador,
dgi_mapping_803,country,AE,Emiratos Árabes Unidos,
dgi_mapping_804,country,ER,Eritrea,
dgi_mapping_805,country,SK,Eslovaquia,
dgi_mapping_806,country,SI,Eslovenia,
dgi_mapping_807,country,ES,España,
dgi_mapping_808,country,US,Estados Unidos de América,
dgi_mapping_809,country,EE,Estonia,
dgi_mapping_810,country,ET,Etiopía,
dgi_mapping_811,country,PH,Filipinas,
dgi_mapping_812,country,FI,Finlandia,
dgi_mapping_813,country,FJ,Fiyi,
dgi_mapping_814,country,FR,Francia,
dgi_mapping_815,country,GA,Gabón,
dgi_mapping_816,country,GE,Georgia,
dgi_mapping_817,country,GH,Ghana,
dgi_mapping_818,country,GI,Gibraltar,
dgi_mapping_819,country,GD,Granada,
dgi_mapping_820,country,GR,Grecia,
dgi_mapping_821,country,GL,Groenlandi a,
dgi_mapping_822,country,GP,Guadalupe,
dgi_mapping_823,country,GU,Guam,
dgi_mapping_824,country,GT,Guatemala,
dgi_mapping_825,country,GF,Guayana Francesa,
dgi_mapping_826,country,GG,Guernsey,
dgi_mapping_827,country,GN,Guinea,
dgi_mapping_828,country,GQ,Guinea Ecuatorial,
dgi_mapping_829,country,GW,Guinea- Bissau,
dgi_mapping_830,country,GY,Guyana,
dgi_mapping_831,country,HT,Haití,
dgi_mapping_832,country,HN,Honduras,
dgi_mapping_833,country,HK,Hong Kong,
dgi_mapping_834,country,HU,Hungría,
dgi_mapping_835,country,IN,India,
dgi_mapping_836,country,ID,Indonesia,
dgi_mapping_837,country,IR,Irán,
dgi_mapping_838,country,IQ,Irak,
dgi_mapping_839,country,IE,Irlanda,
dgi_mapping_840,country,BV,Isla Bouvet,
dgi_mapping_841,country,IM,Isla de Man,
dgi_mapping_842,country,CX,Isla de Navidad,
dgi_mapping_843,country,NF,Isla Norfolk,
dgi_mapping_844,country,IS,Islandia,
dgi_mapping_845,country,BM,Islas Bermudas,
dgi_mapping_846,country,KY,Islas Caimán,
dgi_mapping_847,country,CC,Islas Cocos (Keeling),
dgi_mapping_848,country,CK,Islas Cook,
dgi_mapping_849,country,AX,Islas de Åland,
dgi_mapping_850,country,FO,Islas Feroe,
dgi_mapping_851,country,GS,Islas Georgias del Sur y Sandwich del Sur,
dgi_mapping_852,country,HM,Islas Heard y McDonald,
dgi_mapping_853,country,MV,Islas Maldivas,
dgi_mapping_854,country,FK,Islas Malvinas,
dgi_mapping_855,country,MP,Islas Marianas del Norte,
dgi_mapping_856,country,MH,Islas Marshall,
dgi_mapping_857,country,PN,Islas Pitcairn,
dgi_mapping_858,country,SB,Islas Salomón,
dgi_mapping_859,country,TC,Islas Turcas y Caicos,
dgi_mapping_860,country,UM,Islas Ultramarinas Menores de Estados Unidos,
dgi_mapping_861,country,VG,Islas Vírgenes Británicas,
dgi_mapping_862,country,VI,Islas Vírgenes de los Estados Unidos,
dgi_mapping_863,country,IL,Israel,
dgi_mapping_864,country,IT,Italia,
dgi_mapping_865,country,JM,Jamaica,
dgi_mapping_866,country,JP,Japón,
dgi_mapping_867,country,JE,Jersey,
dgi_mapping_868,country,JO,Jordania,
dgi_mapping_869,country,KZ,Kazajistán,
dgi_mapping_870,country,KE,Kenia,
dgi_mapping_871,country,KG,Kirgizstán,
dgi_mapping_872,country,KI,Kiribati,
dgi_mapping_873,country,KW,Kuwait,
dgi_mapping_874,country,LB,Líbano,
dgi_mapping_875,country,LA,Laos,
dgi_mapping_876,country,LS,Lesoto,
dgi_mapping_877,country,LV,Letonia,
dgi_mapping_878,country,LR,Liberia,
dgi_mapping_879,country,LY,Libia,
dgi_mapping_880,country,LI,Liechtenstein,
dgi_mapping_881,country,LT,Lituania,
dgi_mapping_882,country,LU,Luxemburgo,
dgi_mapping_883,country,MX,México,
dgi_mapping_884,country,MC,Mónaco,
dgi_mapping_885,country,MO,Macao,
dgi_mapping_886,country,MK,Macedônia,
dgi_mapping_887,country,MG,Madagascar,
dgi_mapping_888,country,MY,Malasia,
dgi_mapping_889,country,M W,Malawi,
dgi_mapping_890,country,ML,Mali,
dgi_mapping_891,country,MT,Malta,
dgi_mapping_892,country,MA,Marruecos,
dgi_mapping_893,country,MQ,Martinica,
dgi_mapping_894,country,MU,Mauricio,
dgi_mapping_895,country,MR,Mauritania,
dgi_mapping_896,country,YT,Mayotte,
dgi_mapping_897,country,FM,Micronesia,
dgi_mapping_898,country,MD,Moldavia,
dgi_mapping_899,country,MN,Mongolia,
dgi_mapping_900,country,ME,Montenegro,
dgi_mapping_901,country,MS,Montserrat,
dgi_mapping_902,country,MZ,Mozambique,
dgi_mapping_903,country,NA,Namibia,
dgi_mapping_904,country,NR,Nauru,
dgi_mapping_905,country,NP,Nepal,
dgi_mapping_906,country,NI,Nicaragua,
dgi_mapping_907,country,NE,Níger,
dgi_mapping_908,country,NG,Nigeria,
dgi_mapping_909,country,NU,Niue,
dgi_mapping_910,country,NO,Noruega,
dgi_mapping_911,country,NC,Nueva Caledonia,
dgi_mapping_912,country,NZ,Nueva Zelanda,
dgi_mapping_913,country,NL,Países Bajos,
dgi_mapping_914,country,PK,Pakistán,
dgi_mapping_915,country,PW,Palau,
dgi_mapping_916,country,PS,Palestina,
dgi_mapping_917,country,PA,Panamá,
dgi_mapping_918,country,PG,Papúa Nueva Guinea,
dgi_mapping_919,country,PY,Paraguay,
dgi_mapping_920,country,PE,Perú,
dgi_mapping_921,country,PF,Polinesia Francesa,
dgi_mapping_922,country,PL,Polonia,
dgi_mapping_923,country,PT,Portugal,
dgi_mapping_924,country,PR,Puerto Rico,
dgi_mapping_925,country,QA,Qatar,
dgi_mapping_926,country,GB,Reino Unido,
dgi_mapping_927,country,CF,República Centroafrica na,
dgi_mapping_928,country,CZ,República Checa,
dgi_mapping_929,country,DO,República Dominicana,
dgi_mapping_930,country,RE,Reunión,
dgi_mapping_931,country,RW,Ruanda,
dgi_mapping_932,country,RO,Rumanía,
dgi_mapping_933,country,RU,Rusia,
dgi_mapping_934,country,EH,Sahara Occidental,
dgi_mapping_935,country,WS,Samoa,
dgi_mapping_936,country,AS,Samoa Americana,
dgi_mapping_937,country,BL,San Bartolomé,
dgi_mapping_938,country,KN,San Cristóbal y Nieves,
dgi_mapping_939,country,SM,San Marino,
dgi_mapping_940,country,MF,San Martín Francesa,
dgi_mapping_941,country,PM,San Pedro y Miquelón,
dgi_mapping_942,country,VC,San Vicente y las Granadinas,
dgi_mapping_943,country,SH,Santa Elena,
dgi_mapping_944,country,LC,Santa Lucía,
dgi_mapping_945,country,ST,Santo Tomé y Príncipe,
dgi_mapping_946,country,SN,Senegal,
dgi_mapping_947,country,RS,Serbia,
dgi_mapping_948,country,SC,Seychelles,
dgi_mapping_949,country,SL,Sierra Leona,
dgi_mapping_950,country,SG,Singapur,
dgi_mapping_951,country,SX,Sint Maarten Holandesa,
dgi_mapping_952,country,SY,Siria,
dgi_mapping_953,country,SO,Somalia,
dgi_mapping_954,country,LK,Sri Lanka,
dgi_mapping_955,country,ZA,Sudáfrica,
dgi_mapping_956,country,SD,Sudán,
dgi_mapping_957,country,SE,Suecia,
dgi_mapping_958,country,CH,Suiza,
dgi_mapping_959,country,SR,Surinam,
dgi_mapping_960,country,SJ,Svalbard y Jan Mayen,
dgi_mapping_961,country,SZ,Suazilandia,
dgi_mapping_962,country,TH,Tailandia,
dgi_mapping_963,country,TW,Taiwán,
dgi_mapping_964,country,TZ,Tanzania,
dgi_mapping_965,country,IO,Territorio Británico del Océano Índico,
dgi_mapping_966,country,TF,Territorios Australes y Antárticas Franceses,
dgi_mapping_967,country,TL,Timor Oriental,
dgi_mapping_968,country,TG,Togo,
dgi_mapping_969,country,TK,Tokelau,
dgi_mapping_970,country,TO,Tonga,
dgi_mapping_971,country,TT,Trinidad y Tobago,
dgi_mapping_972,country,TN,Túnez,
dgi_mapping_973,country,TM,Turkmenistán,
dgi_mapping_974,country,TR,Turquía,
dgi_mapping_975,country,TV,Tuvalu,
dgi_mapping_976,country,UA,Ucrania,
dgi_mapping_977,country,UG,Uganda,
dgi_mapping_978,country,UY,Uruguay,
dgi_mapping_979,country,UZ,Uzbekistán,
dgi_mapping_980,country,VU,Vanuatu,
dgi_mapping_981,country,VE,Venezuela,
dgi_mapping_982,country,VN,Vietnam,
dgi_mapping_983,country,WF,Wallis y Futuna,
dgi_mapping_984,country,YE,Yemen,
dgi_mapping_985,country,DJ,Yibuti,
dgi_mapping_986,country,ZM,Zambia,
dgi_mapping_987,country,ZW,Zimbabue,
dgi_mapping_988,country,ZZ,Otro,
dgi_mapping_989,incoterm,EXW,EX Works,"El vendedor pone mercancía a disposición del comprador en sus propias instalaciones: fábrica, almacén, etc. Todos los gastos a partir de ese momento son por cuenta del comprador."
dgi_mapping_990,incoterm,FCA,Free CArrier,"El vendedor pone mercancía a disposición del comprador en sus propias instalaciones: fábrica, almacén, etc. Todos los gastos a partir de ese momento son por cuenta del comprador."
dgi_mapping_991,incoterm,CPT,Carriage Paid To,"El vendedor se hace cargo de todos los costes, incluido el transporte principal, hasta que la mercancía llegue al punto convenido en el país de destino. Sin embargo, el riesgo se transfiere al comprador en el momento de la entrega de la mercancía al transportista dentro del país de origen. Si se utilizan varios transportistas para llegar a destino, el riesgo se transmite cuando la mercancía se haya entregado al primero."
dgi_mapping_992,incoterm,CIP,Carriage and Insurance Paid to,"El vendedor se hace cargo de todos los costes, incluidos el transporte principal y el seguro, hasta que la mercancía llegue al punto convenido en el país de destino. Aunque el seguro lo ha contratado el vendedor, el beneficiario del seguro es el comprador."
dgi_mapping_993,incoterm,DAT,Delivered At Terminal,"El vendedor se hace cargo de todos los costes, incluidos el transporte principal y el seguro (que no es obligatorio), hasta que la mercancía es descargada en la terminal convenida. También asume los riesgos hasta ese momento."
dgi_mapping_994,incoterm,DAP,Delivered At Place,"El vendedor se hace cargo de todos los costes, incluidos el transporte principal y el seguro (que no es obligatorio), pero no de los costes asociados a la importación, hasta que la mercancía se ponga a disposición del comprador en un vehículo listo para ser descargado. También asume los riesgos hasta ese momento."
dgi_mapping_995,incoterm,DDP,Delivered Duty Paid,El vendedor paga todos los gastos hasta dejar la mercancía en el punto convenido en el país de destino. El comprador no realiza ningún tipo de trámite. Los gastos de aduana de importación son asumidos por el vendedor.
dgi_mapping_996,incoterm,FAS,Free Alongside Ship,"El vendedor entrega la mercancía en el muelle pactado del puerto de carga convenido; esto es, al lado del barco. El incoterm FAS es propio de mercancías de carga a granel o de carga voluminosa porque se depositan en terminales del puerto especializadas, que están situadas en el muelle. El vendedor es responsable de las gestiones y costes de la aduana de exportación."
dgi_mapping_997,incoterm,FOB,Free On Board,El vendedor entrega la mercancía sobre el buque. El comprador se hace cargo de designar y reservar el transporte principal (buque).
dgi_mapping_998,incoterm,CFR,Cost and FReight,"El vendedor se hace cargo de todos los costes, incluido el transporte principal, hasta que la mercancía llegue al puerto de destino. Sin embargo, el riesgo se transfiere al comprador en el momento que la mercancía se encuentra cargada en el buque, en el país de origen."
dgi_mapping_999,incoterm,CIF,Cost Insurance and Freight,"El vendedor se hace cargo de todos los costes, incluidos el transporte principal y el seguro, hasta que la mercancía llegue al puerto de destino. Aunque el seguro lo ha contratado el vendedor, el beneficiario del seguro es el comprador. El riesgo se transfiere al comprador en el momento que la mercancía se encuentra cargada en el buque, en el país de origen."
dgi_mapping_1000,incoterm,DPU,Delivered at Place Unloaded,"El vendedor realiza la entrega de la mercancía y transmite el riesgo cuando la pone a disposición del comprador en el medio de transporte de llegada, descargada por sus medios, y en el punto de destino convenido"
